Department,Text_Length,Word_Count
HR,5442,674
HR,5572,708
HR,7720,1017
HR,2855,379
HR,9172,1206
HR,5480,666
HR,5250,637
HR,9033,1106
HR,6720,796
HR,5978,716
HR,5356,679
HR,8718,1123
HR,5766,732
HR,5662,715
HR,6163,724
HR,6007,750
HR,5458,701
HR,9115,1123
HR,5220,642
HR,6287,802
HR,4938,620
HR,8512,1108
HR,11326,1510
HR,5213,628
HR,6195,757
HR,4543,612
HR,6249,798
HR,5754,706
HR,5134,643
HR,7530,941
HR,6349,794
HR,6236,776
HR,6922,906
HR,12715,1552
HR,5658,729
HR,8163,1015
HR,5406,638
HR,9383,1213
HR,5088,623
HR,6439,765
HR,5504,724
HR,5761,748
HR,6681,859
HR,6460,840
HR,6781,813
HR,4589,581
HR,7102,896
HR,8303,1102
HR,5813,659
HR,3307,421
HR,7695,913
HR,7297,917
HR,9162,1177
HR,6579,825
HR,6635,828
HR,6889,826
HR,5904,750
HR,6559,828
HR,8400,1066
HR,5305,706
HR,7652,979
HR,7975,1038
HR,5372,700
HR,5531,714
HR,5595,687
HR,6586,851
HR,5706,748
HR,7282,891
HR,5179,662
HR,5546,713
HR,5716,726
HR,5241,717
HR,5392,670
HR,5393,653
HR,5874,713
HR,5909,734
HR,5496,670
HR,6073,759
HR,8029,1065
HR,5227,686
HR,6969,914
HR,17242,2302
HR,4168,511
HR,8009,1002
HR,6527,814
HR,5446,674
HR,5202,662
HR,13958,1761
HR,5051,660
HR,13218,1652
HR,5038,648
HR,10434,1318
HR,6618,846
HR,4997,632
HR,24834,3119
HR,8226,1054
HR,9304,1197
HR,4954,641
HR,5018,683
HR,2077,254
HR,5107,647
HR,7089,910
HR,5599,720
HR,5661,676
HR,7582,919
HR,5604,665
HR,6118,807
HR,5654,716
HR,6403,760
HR,5350,661
Marketing,4633,582
Marketing,4280,565
Marketing,1990,245
Marketing,5436,755
Marketing,1974,247
Marketing,2772,362
Marketing,7133,909
Marketing,2473,315
Marketing,5095,643
Marketing,7310,940
Marketing,10603,1548
Marketing,2706,417
Marketing,8406,1091
Marketing,8607,1065
Marketing,5942,826
Marketing,6992,881
Marketing,9259,1132
Marketing,10153,1295
Marketing,5406,711
Marketing,6886,826
Marketing,985,131
Marketing,10221,1348
Marketing,5249,711
Marketing,2377,289
Marketing,1464,200
Marketing,5553,692
Marketing,3577,491
Marketing,9181,1101
Marketing,6016,826
Marketing,2680,338
Marketing,2612,335
Marketing,6322,763
Marketing,6136,726
Marketing,3688,456
Marketing,4964,591
Marketing,12148,1666
Marketing,2706,359
Marketing,6685,722
Marketing,9856,1201
Marketing,3314,430
Marketing,2436,286
Marketing,1962,252
Marketing,6319,843
Marketing,1181,134
Marketing,5952,710
Marketing,6428,860
Marketing,4706,606
Marketing,2561,318
Marketing,17154,2284
Marketing,7079,914
Marketing,1915,253
Marketing,5693,754
Marketing,5873,735
Marketing,6621,815
Marketing,3154,426
Marketing,7133,1143
Marketing,6319,801
Marketing,5826,770
Marketing,6203,957
Marketing,4076,532
Marketing,5695,901
Marketing,4973,714
Marketing,3938,482
Marketing,3805,477
Marketing,5786,787
Marketing,4287,565
Marketing,2902,375
Marketing,2630,307
Marketing,2052,242
Marketing,5488,706
Marketing,6312,782
Marketing,5921,814
Marketing,16001,2268
Marketing,7813,1090
Marketing,8975,1099
Marketing,5562,649
Marketing,3788,465
Marketing,3094,393
Marketing,2755,346
Marketing,4026,539
Marketing,2190,295
Marketing,1966,256
Marketing,7212,894
Marketing,5518,711
Marketing,6878,932
Marketing,6210,811
Marketing,7404,946
Marketing,5175,706
Marketing,6453,799
Marketing,11535,1449
Marketing,5552,732
Marketing,7504,948
Marketing,6878,883
Marketing,5150,630
Marketing,6263,830
Marketing,6412,877
Marketing,6734,838
Marketing,3626,512
Marketing,11117,1568
Marketing,5674,699
Marketing,5169,653
Marketing,5893,760
Marketing,5857,714
Marketing,8422,1081
Marketing,5743,747
Marketing,3549,455
Marketing,5986,791
IT,4888,617
IT,6491,807
IT,4447,540
IT,6443,736
IT,4203,573
IT,7648,944
IT,16124,2043
IT,6895,888
IT,8381,961
IT,9157,1206
IT,4974,658
IT,8844,1163
IT,5790,715
IT,6093,780
IT,5794,657
IT,7294,906
IT,9776,1227
IT,12274,1572
IT,6113,729
IT,6855,846
IT,5278,710
IT,6677,862
IT,6782,913
IT,2672,330
IT,7224,881
IT,5652,692
IT,5383,714
IT,10135,1289
IT,5466,653
IT,7654,966
IT,5963,807
IT,5927,753
IT,3101,380
IT,12215,1661
IT,4567,579
IT,3018,390
IT,8011,995
IT,10644,1321
IT,4627,556
IT,8887,1325
IT,6977,872
IT,13253,1641
IT,14373,1847
IT,4968,628
IT,2062,237
IT,6393,907
IT,7129,956
IT,3439,402
IT,4028,465
IT,5757,710
IT,6589,797
IT,5648,700
IT,6758,805
IT,6227,886
IT,6122,751
IT,5403,662
IT,5559,721
IT,4977,606
IT,8193,1098
IT,7092,875
IT,5689,741
IT,5515,691
IT,5484,723
IT,8840,1256
IT,7455,920
IT,8521,1055
IT,9592,1241
IT,6887,871
IT,7716,915
IT,3372,419
IT,7313,983
IT,7801,1012
IT,6952,899
IT,5383,655
IT,6022,832
IT,6139,809
IT,10762,1347
IT,9561,1172
IT,6207,786
IT,9662,1186
IT,9483,1227
IT,7376,916
IT,11360,1513
IT,5446,702
IT,8440,1030
IT,8421,1140
IT,11083,1397
IT,5663,662
IT,8646,1296
IT,7041,829
IT,5125,655
IT,3466,394
IT,9224,1313
IT,6390,826
IT,8520,1222
IT,4951,614
IT,13398,2044
IT,5906,738
IT,5373,716
IT,11032,1431
IT,5031,613
IT,9509,1253
IT,6289,931
IT,2532,321
IT,12189,1715
IT,6930,826
IT,5254,695
IT,8049,1041
IT,6231,729
IT,7475,928
IT,5621,688
IT,6132,743
IT,8342,1085
IT,8634,1053
IT,20561,2670
IT,6358,741
IT,5296,671
IT,6956,884
IT,13149,1769
IT,6237,745
HR,7158,905
HR,2827,351
HR,2891,361
HR,2893,362
HR,5554,789
HR,5817,754
HR,5205,619
HR,5281,746
HR,7745,909
HR,5656,788
HR,6088,728
HR,5256,628
HR,6873,903
HR,7534,1027
HR,7532,955
HR,5116,754
HR,5756,705
HR,7966,887
HR,4414,563
HR,6101,801
HR,3870,483
HR,5505,698
HR,6848,873
HR,5353,714
HR,4887,594
HR,5982,756
HR,6229,825
HR,5447,662
HR,7791,1000
HR,5236,734
HR,5242,682
HR,4945,615
HR,7079,910
HR,6819,812
HR,6120,758
HR,2930,372
HR,2788,342
HR,6664,834
HR,2483,309
HR,5812,850
HR,3063,400
HR,6844,938
HR,5166,667
HR,5888,724
HR,6343,805
HR,6255,816
HR,11184,1509
HR,8859,1118
HR,4966,735
HR,5467,645
HR,2860,370
HR,6407,810
HR,5025,649
HR,2285,260
HR,2823,345
HR,2777,330
HR,2035,273
HR,1815,209
HR,2257,279
HR,6015,736
HR,5208,679
HR,1632,183
HR,3479,430
HR,2364,283
HR,3122,423
HR,3916,475
HR,5007,651
HR,2452,309
HR,1953,257
HR,5626,765
HR,18080,2694
HR,6282,850
HR,5293,663
HR,5814,755
HR,6012,813
HR,2628,331
HR,3442,428
HR,9805,1151
HR,6082,765
HR,8671,1085
HR,5428,686
HR,5520,635
HR,6255,795
HR,5576,681
HR,3888,492
HR,14004,1832
HR,6667,830
HR,5623,745
HR,5061,640
HR,5514,733
HR,5656,697
HR,3588,465
HR,5457,684
HR,6593,843
HR,6354,894
HR,6551,798
HR,5657,713
HR,5603,692
HR,5325,689
HR,6084,780
HR,9176,1247
HR,10931,1422
HR,5068,635
HR,7604,1027
HR,5247,635
HR,5648,763
HR,7461,976
HR,2980,407
HR,6394,812
HR,5183,676
HR,6018,758
HR,5879,726
HR,5716,711
HR,5735,756
HR,3484,436
HR,5978,663
HR,5221,701
HR,5966,884
HR,4141,523
HR,7983,1009
HR,4878,625
HR,12447,1590
HR,5572,696
HR,5241,667
HR,3665,468
HR,7586,958
HR,5069,638
HR,5293,645
HR,5433,689
HR,5381,681
HR,2432,304
HR,5893,772
HR,5224,644
HR,14150,1733
HR,5129,640
HR,7278,929
HR,5158,646
HR,5284,663
HR,5386,692
HR,6205,801
HR,5747,731
HR,5147,700
HR,5790,743
HR,4275,518
HR,7873,991
HR,5290,666
HR,7075,940
HR,4812,611
HR,5237,655
HR,5389,644
HR,7619,1006
HR,7246,951
HR,8027,972
HR,6702,867
HR,5800,717
HR,18652,2309
HR,14516,1844
HR,5775,757
HR,4694,601
HR,8666,1278
HR,7978,1118
HR,7727,993
HR,8195,1123
HR,5934,781
HR,7556,946
HR,12666,1923
HR,6289,852
HR,6328,794
HR,12223,1629
HR,5421,704
HR,5172,647
HR,6484,836
HR,5595,707
HR,8714,1088
HR,5685,731
HR,8675,1073
HR,7056,892
HR,6713,857
HR,2764,343
HR,2136,266
HR,5509,720
HR,6367,829
HR,5024,651
HR,5810,733
HR,5204,667
HR,5585,692
HR,5294,717
HR,2435,311
HR,5564,704
HR,7407,936
HR,7640,988
HR,8287,1313
HR,7658,974
HR,5123,648
HR,6831,804
HR,6075,731
HR,8672,1152
HR,7267,995
HR,7631,938
HR,5271,650
HR,5026,645
HR,7078,899
HR,8128,1015
HR,2660,331
HR,5729,763
HR,6518,837
HR,4776,597
HR,5678,695
HR,6164,768
HR,5294,633
HR,20975,2888
HR,8226,1061
HR,7696,942
HR,5050,612
HR,6075,797
HR,6065,758
HR,12387,1566
HR,5876,783
HR,9455,1431
HR,4306,566
Sales,6828,874
Sales,11038,1425
Sales,5092,668
Sales,7663,1030
Sales,5281,637
Sales,6611,851
Sales,3662,438
Sales,3368,417
Sales,4915,619
Sales,5361,657
Sales,2513,306
Sales,2681,326
Sales,5264,665
Sales,7608,927
Sales,4502,549
Sales,7856,954
Sales,7257,925
Sales,5134,631
Sales,6745,861
Sales,4490,534
Sales,10626,1389
Sales,8334,1084
Sales,6959,913
Sales,5196,643
Sales,7513,989
Sales,5639,694
Sales,7924,1075
Sales,7648,1006
Sales,3099,360
Sales,3921,495
Sales,2339,280
Sales,2989,370
Sales,6473,816
Sales,7400,975
Sales,6533,857
Sales,5023,648
Sales,8039,1024
Sales,5871,725
Sales,7918,1033
Sales,5047,638
Sales,5529,716
Sales,10086,1200
Sales,5536,732
Sales,5461,670
Sales,7621,996
Sales,5642,694
Sales,6938,912
Sales,8566,1189
Sales,7549,947
Sales,5480,731
Sales,7446,950
Sales,5604,756
Sales,5798,777
Sales,6143,801
Sales,6001,753
Sales,5842,742
Sales,5577,716
Sales,6828,969
Sales,4070,505
Sales,5227,648
Sales,6267,798
Sales,2635,337
Sales,1726,216
Sales,3931,485
Sales,5624,783
Sales,5250,664
Sales,8645,1176
Sales,5512,681
Sales,5579,723
Sales,6940,907
Sales,6457,827
Sales,7000,909
Sales,3789,467
Sales,6034,798
Sales,6240,832
Sales,8333,1172
Sales,9168,1134
Sales,6061,750
Sales,7673,956
Sales,7720,1083
Sales,7825,954
Sales,9419,1218
Sales,5595,724
Sales,5954,794
Sales,8530,1096
Sales,6921,842
Sales,6761,844
Sales,5591,695
Sales,12830,1605
Sales,10707,1399
Sales,3922,536
Sales,4458,564
Sales,5490,712
Sales,6444,874
Sales,3940,482
Sales,3879,488
Sales,5783,697
Sales,6155,737
Sales,3862,478
Sales,21,0
Sales,6532,838
Sales,5459,737
Sales,3199,370
Sales,7951,974
Sales,7627,1146
Sales,3955,514
Sales,2962,364
Sales,5411,684
Sales,5783,718
Sales,5566,688
Sales,5117,670
Sales,6829,888
Sales,5012,640
Sales,6917,872
Sales,9970,1316
Sales,3767,512
Sales,5377,711
Sales,5993,764
Sales,6362,773
Sales,5513,675
Healthcare,9999,1363
Healthcare,5967,651
Healthcare,5230,650
Healthcare,5644,711
Healthcare,12348,1615
Healthcare,3474,390
Healthcare,21316,2749
Healthcare,8451,1059
Healthcare,5874,706
Healthcare,5600,689
Healthcare,4512,556
Healthcare,6433,836
Healthcare,8835,1143
Healthcare,5698,678
Healthcare,4832,602
Healthcare,5410,749
Healthcare,6147,788
Healthcare,5802,746
Healthcare,6727,864
Healthcare,5819,722
Healthcare,5567,723
Healthcare,5111,716
Healthcare,5060,621
Healthcare,8751,1061
Healthcare,5794,794
Healthcare,5880,726
Healthcare,5872,733
Healthcare,2494,307
Healthcare,5384,660
Healthcare,10293,1404
Healthcare,11382,1442
Healthcare,5881,790
Healthcare,7523,902
Healthcare,6324,808
Healthcare,7701,970
Healthcare,5871,752
Healthcare,6499,790
Healthcare,16384,2067
Healthcare,5128,621
Healthcare,8309,1020
Healthcare,6795,953
Healthcare,7412,959
Healthcare,12039,1468
Healthcare,5849,738
Healthcare,5278,634
Healthcare,5191,669
Healthcare,8388,1029
Healthcare,9557,1089
Healthcare,5826,764
Healthcare,6103,798
Healthcare,1954,242
Healthcare,5318,653
Healthcare,5901,725
Healthcare,3542,443
Healthcare,12523,1591
Healthcare,6709,917
Healthcare,5012,645
Healthcare,4952,618
Healthcare,11282,1361
Healthcare,3606,437
Healthcare,8379,1133
Healthcare,7952,980
Healthcare,6704,882
Healthcare,7639,983
Healthcare,6258,761
Healthcare,5437,696
Healthcare,5519,669
Healthcare,8356,987
Healthcare,7899,1032
Healthcare,5379,672
Healthcare,8666,1128
Healthcare,8169,1021
Healthcare,7094,866
Healthcare,6207,729
Healthcare,5247,649
Healthcare,6165,750
Healthcare,12339,1589
Healthcare,7505,962
Healthcare,9754,1239
Healthcare,6141,814
Healthcare,5174,648
Healthcare,8568,1061
Healthcare,6508,831
Healthcare,5252,654
Healthcare,9804,1284
Healthcare,7447,912
Healthcare,5601,694
Healthcare,6772,979
Healthcare,8695,1043
Healthcare,5432,717
Healthcare,6093,700
Healthcare,6925,857
Healthcare,6773,876
Healthcare,6198,763
Healthcare,5430,708
Healthcare,5305,687
Healthcare,8067,1077
Healthcare,9119,1133
Healthcare,7475,969
Healthcare,5217,680
Healthcare,5440,715
Healthcare,5245,643
Healthcare,6174,794
Healthcare,8118,984
Healthcare,5590,659
Healthcare,6144,745
Healthcare,5534,690
Healthcare,6974,809
Healthcare,6675,830
Healthcare,6168,794
Healthcare,7099,935
Healthcare,7349,965
Healthcare,5209,658
Healthcare,12058,1514
Healthcare,9557,947
Healthcare,2894,380
Healthcare,5040,652
Healthcare,5736,745
Healthcare,5557,715
Healthcare,3204,391
Healthcare,7040,915
Healthcare,2999,379
Healthcare,1556,199
Healthcare,5140,642
Healthcare,3320,393
Healthcare,7799,957
Healthcare,6903,907
Healthcare,5578,880
Healthcare,5571,712
Healthcare,2364,306
Healthcare,6436,891
Healthcare,5374,738
Healthcare,6657,897
Healthcare,13558,1770
Healthcare,8702,1265
Healthcare,6707,852
Healthcare,4193,681
Healthcare,5974,754
Healthcare,5239,640
Healthcare,5089,630
Healthcare,6746,891
Healthcare,5586,723
Healthcare,6032,796
Healthcare,1995,241
Healthcare,5963,788
Healthcare,2457,318
Healthcare,5552,728
Healthcare,2544,317
Healthcare,2626,333
Healthcare,4751,604
Healthcare,3819,505
Healthcare,7356,937
Healthcare,2180,267
Healthcare,8069,1002
Healthcare,8404,1090
Healthcare,8110,1062
Healthcare,3875,501
Healthcare,8666,1110
Healthcare,5209,653
Healthcare,2707,370
Healthcare,5268,680
Healthcare,5816,753
Healthcare,6173,814
Healthcare,2967,375
Healthcare,2690,340
Healthcare,2975,373
Healthcare,5937,725
Healthcare,5577,745
Healthcare,6427,764
Healthcare,5460,701
Healthcare,3822,478
Healthcare,7129,986
Healthcare,7480,1003
Healthcare,7649,1017
Healthcare,2837,316
Healthcare,4747,706
Healthcare,6164,839
Healthcare,7923,1045
Healthcare,5922,718
Healthcare,10162,1307
Healthcare,5470,693
Healthcare,3331,399
Healthcare,2771,356
Healthcare,6666,795
Healthcare,5633,683
Healthcare,8635,1124
Healthcare,5204,671
Healthcare,6955,1078
Healthcare,6063,735
Healthcare,3154,407
Healthcare,9606,1198
Healthcare,5929,836
Healthcare,5913,765
Healthcare,5739,730
Healthcare,8779,1233
Healthcare,5185,626
Healthcare,5394,732
Healthcare,7684,1070
Healthcare,5576,700
Healthcare,5079,738
Healthcare,7132,922
Healthcare,5496,747
Healthcare,5032,661
Healthcare,6302,827
Healthcare,7437,912
Healthcare,8244,1080
Healthcare,4788,589
Healthcare,7833,956
Healthcare,4094,499
Healthcare,5201,713
Healthcare,5280,653
Healthcare,2627,325
Healthcare,2235,283
Healthcare,2538,331
Healthcare,5165,639
Healthcare,6908,867
Healthcare,5239,666
Healthcare,5980,730
Healthcare,6303,822
Healthcare,14224,1797
Healthcare,5180,620
Healthcare,6156,802
Healthcare,5197,636
Healthcare,6253,821
Healthcare,4376,540
Healthcare,7294,890
Healthcare,5130,684
Healthcare,1712,206
Healthcare,2880,353
Healthcare,7290,893
Healthcare,5196,621
Healthcare,5766,729
Engineering,6977,914
Engineering,6338,835
Engineering,5836,709
Engineering,14612,1970
Engineering,2729,344
Engineering,7279,933
Engineering,5994,793
Engineering,5121,663
Engineering,5980,758
Engineering,5302,690
Engineering,5160,663
Engineering,6596,862
Engineering,5310,678
Engineering,5584,717
Engineering,6801,907
Engineering,4510,600
Engineering,5509,687
Engineering,8360,1101
Engineering,1637,196
Engineering,1560,192
Engineering,8954,1196
Engineering,2430,308
Engineering,8582,1179
Engineering,4979,642
Engineering,5686,817
Engineering,5522,703
Engineering,5593,737
Engineering,6024,777
Engineering,4968,624
Engineering,5481,692
Engineering,6548,863
Engineering,6161,806
Engineering,8464,1072
Engineering,6008,783
Engineering,5321,642
Engineering,5308,694
Engineering,5774,720
Engineering,9644,1239
Engineering,5202,668
Engineering,5196,637
Engineering,7186,882
Engineering,5826,816
Engineering,6647,857
Engineering,3662,453
Engineering,6937,904
Engineering,5951,765
Engineering,5753,823
Engineering,5187,673
Engineering,11591,1510
Engineering,7958,950
Engineering,7920,1005
Engineering,5144,666
Engineering,5797,735
Engineering,4997,614
Engineering,7374,896
Engineering,7765,1063
Engineering,11134,1415
Engineering,11821,1644
Engineering,10939,1471
Engineering,11850,1463
Engineering,8405,1052
Engineering,10020,1325
Engineering,7229,953
IT,4612,645
IT,6210,770
IT,3317,420
IT,8533,1125
IT,7817,984
IT,7876,1085
IT,5390,692
IT,8474,1107
IT,6203,834
IT,7228,922
IT,6469,829
IT,6135,797
IT,6187,726
IT,3966,513
IT,10091,1498
IT,8294,1107
IT,16223,2310
IT,9123,1236
IT,7521,1053
IT,5366,727
IT,5774,775
IT,10180,1278
Sales,5474,672
Sales,2097,288
Sales,3758,480
Sales,6098,753
Sales,5444,740
Sales,8028,1017
Sales,7828,940
Sales,12759,1640
Sales,5249,685
Sales,5119,631
Sales,6576,856
Sales,6607,858
Sales,7405,952
Sales,3234,442
Sales,6664,890
Sales,6568,863
Sales,1913,255
Sales,4814,595
Sales,7227,961
Sales,5405,679
Sales,2733,350
Sales,5598,799
Sales,9448,1349
Sales,5816,680
Sales,5396,674
Sales,6852,1015
Sales,6860,867
Sales,5244,667
Sales,7769,1096
Sales,5639,904
Sales,5780,778
Sales,5397,696
Sales,1339,169
Sales,8488,1099
Sales,5533,704
Sales,4722,632
Sales,2758,359
Sales,2348,289
Sales,2915,368
Sales,2828,370
Sales,3045,373
Sales,2387,300
Sales,2210,284
Sales,2532,311
Sales,1644,222
Sales,1212,169
Sales,3700,454
Sales,2611,319
Sales,6573,852
Sales,2011,247
Sales,3573,448
Sales,2629,322
Sales,2635,331
Sales,2597,387
Sales,5385,680
Sales,1033,122
Sales,5971,801
Sales,2221,273
Sales,3520,457
Sales,2919,378
Sales,3074,427
Sales,4848,628
Sales,3621,458
Sales,6302,899
Sales,7049,875
Sales,5151,675
Sales,5251,696
Sales,5621,750
Sales,5472,725
Sales,5991,759
Sales,6428,937
Sales,2433,302
Sales,5917,813
Sales,5493,665
Sales,5223,716
Sales,6235,833
Sales,6840,933
Sales,9931,1424
Sales,5332,670
Sales,5008,637
Sales,5773,740
Sales,5284,684
Sales,4905,621
Sales,1849,208
Sales,5922,730
Sales,5962,796
Sales,6448,804
Sales,5567,717
Sales,9254,1121
Sales,6998,888
Sales,18618,2486
Sales,5340,630
Sales,9815,1258
Sales,9508,1227
Sales,9044,1236
Sales,3654,459
Sales,5766,821
Sales,6211,821
Sales,6733,868
Sales,8221,1027
Sales,3950,510
Sales,5157,786
Sales,5817,806
Sales,3289,421
Sales,1982,241
Sales,8143,1102
Sales,5806,830
Sales,6863,852
Sales,995,128
Sales,5389,709
Sales,5656,711
Sales,3483,485
Sales,3548,458
Sales,3338,398
Sales,6832,974
Sales,6846,846
HR,6026,719
HR,12158,1667
HR,8011,1029
HR,6737,819
HR,5525,741
HR,8325,1114
HR,5515,690
HR,6505,786
HR,5648,709
HR,9462,1286
HR,5068,680
HR,5395,688
HR,5834,677
HR,6306,849
HR,7042,933
HR,10076,1322
HR,6224,721
HR,7573,1050
HR,6886,901
HR,8523,1087
HR,5515,695
HR,6901,881
HR,6367,790
HR,6510,799
HR,1710,218
HR,6326,811
HR,4730,573
HR,6265,839
HR,7533,1099
HR,10748,1342
HR,5282,670
HR,8610,1102
HR,8426,1125
HR,5311,717
HR,6058,757
HR,7818,974
HR,6571,830
HR,6311,837
HR,7713,1000
HR,5735,810
HR,6925,921
HR,7811,1019
HR,9179,1130
HR,11856,1542
HR,11414,1413
HR,6643,831
HR,5094,632
HR,5883,735
HR,8693,1110
HR,6692,845
HR,6171,797
HR,11011,1438
HR,2483,286
HR,1805,212
HR,8537,1068
HR,12837,1568
HR,5450,661
HR,12971,1812
HR,4874,618
HR,5366,714
HR,8991,1191
HR,5113,697
HR,8024,1051
HR,7190,838
HR,11623,1551
HR,6860,899
HR,6108,766
HR,2728,338
HR,9078,1156
HR,2561,308
HR,5534,771
HR,2213,278
HR,2682,328
HR,5018,641
HR,6798,842
HR,11205,1339
HR,2511,323
HR,9178,1136
HR,5776,705
HR,3285,393
HR,5796,742
HR,8867,1092
HR,5916,775
HR,9881,1219
HR,7283,1009
HR,6853,929
HR,5958,707
HR,13529,1748
HR,5776,738
HR,5331,675
HR,6440,826
HR,5270,669
HR,4726,608
HR,7302,967
HR,3214,408
HR,2511,309
HR,5128,668
HR,5904,756
HR,5338,649
HR,6196,829
HR,8078,1112
HR,6914,904
HR,1805,194
HR,5599,696
HR,5204,655
HR,6459,856
HR,8293,964
HR,8200,1223
HR,5514,749
HR,7357,915
HR,12722,1656
HR,5544,735
HR,7968,997
HR,7363,929
HR,15411,2018
IT,2750,346
IT,2007,254
IT,4885,647
IT,2348,303
IT,5993,772
IT,7998,1085
IT,5454,702
IT,10758,1333
IT,5151,655
IT,5982,811
IT,6322,867
IT,1797,237
IT,3082,412
IT,14801,2050
IT,9378,1222
IT,6059,815
IT,5702,722
IT,5099,728
IT,5466,718
IT,5254,701
IT,2718,329
IT,6952,845
IT,7195,945
IT,5328,674
IT,6139,791
IT,7170,887
IT,8509,1079
IT,3765,511
IT,3884,514
IT,6162,756
IT,6420,843
IT,3570,450
IT,11244,1498
IT,24500,3301
IT,6582,854
IT,7602,1013
IT,6644,844
IT,13098,1769
IT,2710,334
IT,7977,1113
IT,5115,634
IT,4387,543
IT,2766,330
IT,5875,816
IT,5040,643
IT,5428,663
IT,5359,691
IT,7538,985
IT,6913,910
IT,5429,739
IT,5282,695
IT,6104,845
IT,2839,343
IT,6768,853
IT,5928,705
IT,8089,1058
IT,8529,1081
IT,9454,1217
IT,5507,783
IT,1888,257
IT,2995,368
IT,8657,1138
IT,5276,683
IT,7646,943
IT,5963,772
IT,6787,826
IT,3082,391
IT,3242,422
IT,2437,298
IT,6463,856
IT,12914,1869
IT,6349,845
IT,5917,861
IT,3244,424
IT,2185,272
IT,4548,580
IT,2711,331
IT,4951,631
IT,3091,379
IT,10000,1285
IT,3709,484
IT,7849,1000
IT,6303,806
IT,5221,636
IT,6450,850
IT,5283,703
IT,7507,972
IT,8970,1146
IT,4884,596
IT,7020,869
IT,7945,987
IT,6479,766
IT,3687,470
IT,5540,695
IT,6674,845
IT,4422,535
Engineering,7935,1001
Engineering,1749,213
Engineering,6974,920
Engineering,5033,632
Engineering,5493,693
Engineering,13903,1763
Engineering,9725,1286
Engineering,7045,899
Engineering,4535,561
Engineering,5226,651
Engineering,3593,439
Engineering,7186,863
Engineering,2210,278
Engineering,6056,794
Engineering,2379,283
Engineering,6618,840
Engineering,5500,683
Engineering,6173,799
Engineering,3485,462
Engineering,6651,852
Engineering,6307,822
Engineering,5056,661
Engineering,7274,885
Engineering,7498,974
Engineering,7175,929
Engineering,4952,659
Engineering,8239,994
Engineering,5943,738
Engineering,5430,692
Engineering,5198,636
Engineering,5738,767
Engineering,5038,609
Engineering,3675,440
Engineering,5401,804
Engineering,5140,684
Engineering,22032,2889
HR,7687,1046
HR,3780,506
HR,1935,240
HR,1483,189
HR,6268,827
HR,6399,854
HR,2102,286
HR,1447,193
HR,8552,1171
HR,38842,5080
HR,3004,442
HR,2319,286
HR,2017,273
HR,2156,251
HR,4977,627
HR,5651,873
HR,5351,668
HR,7656,1099
HR,6134,849
HR,9746,1257
HR,3005,408
HR,4849,650
HR,6303,784
HR,7965,1016
HR,6847,918
HR,4934,691
HR,5730,716
HR,12404,1650
HR,6264,803
HR,14694,1979
HR,5189,684
HR,2431,321
HR,5130,646
HR,1390,176
HR,4961,771
HR,5817,782
HR,5245,700
HR,1349,164
HR,5606,730
HR,5198,677
HR,8602,1033
HR,6310,780
HR,6266,839
HR,1130,149
HR,3527,487
HR,3642,453
HR,2282,293
HR,5630,912
HR,5921,798
HR,6421,903
HR,6100,891
HR,6446,864
HR,10608,1429
HR,5337,906
HR,11306,1449
HR,8357,1223
HR,5547,716
HR,7887,1030
HR,6260,911
HR,5136,713
HR,5522,716
HR,6785,844
HR,6087,804
HR,6498,877
HR,5240,701
HR,6129,868
HR,3755,461
HR,2008,271
HR,5612,781
HR,2077,257
HR,8390,1120
HR,6468,833
HR,2734,399
HR,7744,1038
HR,9794,1222
HR,6482,869
HR,5804,742
HR,3794,512
HR,6062,779
HR,5829,757
HR,6880,911
HR,5850,731
HR,5369,732
HR,7016,950
HR,5152,627
HR,6318,793
HR,6694,867
HR,6136,743
HR,5903,711
HR,8810,1125
HR,7394,1018
HR,3254,433
HR,5316,739
HR,5886,731
HR,6623,903
HR,5359,714
HR,9066,1242
HR,1716,192
HR,6632,862
HR,2181,274
HR,3104,405
HR,7100,1158
HR,5654,764
HR,5516,661
HR,5838,736
HR,5125,650
HR,7298,967
HR,5536,688
HR,5884,793
HR,6777,896
HR,10901,1417
HR,7618,1113
HR,6872,931
HR,5091,696
HR,5327,648
HR,7137,869
HR,5521,769
HR,5274,675
Finance,3547,464
Finance,3096,373
Finance,10236,1203
Finance,5886,744
Finance,3565,432
Finance,4260,531
Finance,7276,968
Finance,2076,256
Finance,5779,741
Finance,7066,869
Finance,6521,805
Finance,5444,718
Finance,8546,1083
Finance,5721,720
Finance,5845,758
Finance,5196,650
Finance,5170,627
Finance,10154,1281
Finance,6144,750
Finance,5602,723
Finance,4349,550
Finance,7685,957
Finance,5727,829
Finance,5776,772
Finance,5114,661
Finance,6699,903
Finance,5976,771
Finance,5948,717
Finance,2707,334
Finance,8645,1110
Finance,5743,751
Finance,5545,689
Finance,5639,714
Finance,3696,477
Finance,5196,650
Finance,6705,1009
Finance,3221,400
Finance,8381,1093
Finance,5400,672
Finance,8151,1026
Finance,9741,1255
Finance,6226,798
Finance,5722,764
Finance,6192,795
Finance,3276,407
Finance,5048,684
Finance,5512,717
Finance,5677,755
Finance,2442,280
Finance,5413,637
Finance,5216,622
Finance,7302,1015
Finance,5635,691
Finance,5357,648
Finance,6762,902
Finance,5049,625
Finance,5705,702
Finance,9468,1211
Finance,5254,764
Finance,5165,636
Finance,7793,993
Finance,20698,2667
Finance,7601,951
Finance,5859,742
Finance,5631,867
Finance,5891,723
Finance,9293,1274
Finance,7174,974
Finance,5480,734
Finance,9036,1246
Finance,5919,758
Finance,6037,737
Finance,2521,287
Finance,5441,698
Finance,8641,1210
Finance,5499,724
Finance,10878,1382
Finance,5492,694
Finance,5005,620
Finance,5125,681
Finance,5675,693
Finance,7325,916
Finance,5468,689
Finance,5909,751
Finance,7275,914
Finance,5875,822
Finance,7461,963
Finance,6110,845
Finance,5189,683
Finance,5143,645
Finance,6295,820
Finance,8628,1099
Finance,5781,727
Finance,5562,724
Finance,3035,401
Finance,6219,647
Finance,7764,951
Finance,6208,807
Finance,6805,866
Finance,4158,533
Finance,5054,701
Finance,6775,936
Finance,8232,989
Finance,7338,981
Finance,5570,774
Finance,11123,1440
Finance,5558,714
Finance,6722,955
Finance,5097,634
Finance,5851,768
Finance,10227,1297
Finance,7193,855
Finance,8599,1136
Finance,7286,934
Finance,7196,908
Finance,5272,634
Finance,6209,745
Finance,9511,1240
Marketing,1970,250
Marketing,6304,793
Marketing,9176,1289
Marketing,2250,265
Marketing,5533,674
Marketing,6825,920
Marketing,8073,1225
Marketing,6706,788
Marketing,8022,1110
Marketing,2323,283
Marketing,2947,402
Marketing,2377,291
Marketing,6552,813
Marketing,5008,654
Marketing,5322,675
Marketing,7801,992
Marketing,7117,979
Marketing,4930,647
Marketing,5659,784
Marketing,2499,302
Marketing,5051,620
Marketing,2596,332
Marketing,5551,826
Marketing,5135,669
Marketing,5282,639
Marketing,5168,703
Marketing,5160,687
Marketing,5643,737
Marketing,2165,286
Marketing,2213,250
Marketing,7919,1051
Marketing,6261,832
Marketing,6810,918
Marketing,5374,683
Marketing,6933,950
Marketing,5572,729
Marketing,12984,1596
Marketing,5349,692
Marketing,5923,752
Marketing,3263,397
Marketing,6489,847
Marketing,7540,986
Marketing,6567,859
Marketing,11733,1515
Marketing,5206,683
Marketing,2652,345
Marketing,6504,813
Marketing,13114,1735
Marketing,6594,846
Marketing,4999,651
Marketing,6371,832
Marketing,5838,756
Marketing,5090,663
Marketing,9262,1091
Marketing,5073,651
Marketing,6938,869
Marketing,6843,921
Marketing,3639,433
Marketing,8229,1110
Marketing,6043,755
Marketing,5320,650
Marketing,3266,424
Marketing,2824,362
Marketing,2209,286
Marketing,7897,1031
Marketing,7291,921
Marketing,5241,685
Marketing,6160,797
Marketing,5278,665
Marketing,5819,758
Marketing,6310,809
Marketing,5887,711
Marketing,7957,1022
Marketing,6782,828
Marketing,8153,1053
Marketing,6423,796
Marketing,2991,358
Marketing,5423,676
Marketing,6988,890
Marketing,7101,925
Marketing,6187,799
Marketing,9218,1205
Marketing,6671,837
Marketing,6497,868
Marketing,5892,763
Marketing,5003,684
Marketing,7394,919
Marketing,5169,647
Marketing,6099,845
Marketing,8726,1136
Marketing,6543,824
Marketing,5437,706
Marketing,8608,1117
Marketing,5093,655
Marketing,11171,1513
Marketing,7098,915
Marketing,6326,797
Engineering,3651,433
Engineering,13441,1714
Engineering,3741,457
Engineering,6319,913
Engineering,4850,619
Engineering,7852,1049
Engineering,7037,879
Engineering,5703,740
Engineering,5625,735
Engineering,5250,644
Engineering,5463,669
Engineering,5228,639
Engineering,5776,743
Engineering,5927,743
Engineering,7164,928
Engineering,5786,777
Engineering,4317,539
Engineering,8402,1172
Engineering,1604,216
Engineering,6531,849
Engineering,5252,707
Engineering,5172,760
Engineering,9248,1220
Engineering,9566,1265
Engineering,10798,1392
Engineering,5033,641
Engineering,5568,715
Engineering,9461,1209
Engineering,3330,440
Engineering,3116,369
Engineering,6438,824
Engineering,6267,826
Engineering,6184,842
Engineering,4994,648
Engineering,5197,644
Engineering,11853,1529
Engineering,3351,406
Engineering,1400,156
Engineering,2234,276
Engineering,6246,816
Engineering,7537,940
Engineering,7234,968
Engineering,7409,988
Engineering,5401,710
Engineering,5904,730
Engineering,3540,457
Engineering,8036,1029
Engineering,6711,909
Engineering,5323,699
Engineering,6143,804
Engineering,5980,700
Engineering,6896,847
Engineering,3018,372
Engineering,2274,294
Engineering,6381,868
Engineering,6450,874
Engineering,6714,899
Engineering,7212,976
Engineering,5205,614
Engineering,5181,699
Engineering,6152,815
Engineering,15541,1961
Engineering,5447,648
Engineering,5362,768
Engineering,7359,891
Engineering,7589,980
Engineering,3284,430
Engineering,5849,956
Engineering,6527,817
Engineering,3673,467
Engineering,4982,637
Engineering,5702,702
Engineering,6980,915
Engineering,5869,751
Engineering,5772,752
Engineering,9147,1115
Engineering,5291,707
Engineering,10455,1306
Engineering,6662,849
Engineering,5254,647
Engineering,5050,599
Engineering,5796,773
Engineering,9807,1209
Engineering,11856,1566
Engineering,7414,1058
Engineering,8903,1163
Engineering,8510,1044
Engineering,4404,578
Engineering,6064,802
Engineering,5616,722
Engineering,5079,635
Engineering,6983,906
Engineering,5078,639
Engineering,5980,810
Engineering,6866,898
Engineering,8557,1085
Engineering,3271,386
Engineering,5120,652
Engineering,8561,1073
Engineering,2938,379
Engineering,19632,2579
Engineering,8226,1039
Engineering,6177,790
Engineering,8218,979
Engineering,4894,630
Engineering,4991,648
Engineering,2902,371
Engineering,7261,940
Engineering,6045,758
Engineering,7263,974
Engineering,5578,719
Engineering,6005,718
Engineering,18043,2449
Engineering,8410,1034
Engineering,7102,919
Engineering,6199,846
Engineering,5830,759
Engineering,7722,1068
Finance,6268,774
Finance,2399,291
Finance,5863,759
Finance,6755,824
Finance,6284,810
Finance,6538,808
Finance,5202,653
Finance,8016,1021
Finance,5783,731
Finance,24695,3459
Finance,5462,699
Finance,7135,926
Finance,6562,837
Finance,5216,697
Finance,1774,203
Finance,3347,425
Finance,6253,795
Finance,6465,848
Finance,5120,639
Finance,7094,863
Finance,5130,650
Finance,6827,859
Finance,5338,647
Finance,5823,743
Finance,5484,671
Finance,6947,831
Finance,6679,867
Finance,5866,718
Finance,2176,271
Finance,5544,709
Finance,3730,452
Finance,5330,681
Finance,6241,747
Finance,5515,686
Finance,6339,773
Finance,12286,1581
Finance,5097,628
Finance,6024,761
Finance,6164,796
Finance,5194,674
Finance,6588,837
Finance,5093,632
Finance,4338,510
Finance,3693,442
Finance,1210,143
Finance,2936,344
Finance,6684,862
Finance,6911,928
Finance,6947,856
Finance,5685,789
Finance,5948,750
Finance,5093,644
Finance,5861,750
Finance,8498,1147
Finance,7053,899
Finance,6186,857
Finance,4022,465
Finance,5296,681
Finance,5992,753
Finance,5877,685
Finance,11831,1519
Finance,6652,816
Finance,5361,649
Finance,6425,842
Finance,8365,1046
Finance,5296,651
Finance,8966,1065
Finance,10809,1407
Finance,5754,737
Finance,5623,706
Finance,7834,982
Finance,7245,909
Finance,5030,616
Finance,9292,1165
Finance,5332,693
Finance,5092,740
Finance,6628,823
Finance,5556,686
Finance,3997,468
Finance,5847,782
Finance,5621,712
Finance,6870,885
Finance,7106,916
Finance,5322,670
Finance,5373,682
Finance,7826,1047
Finance,9467,1219
Finance,6166,849
Finance,4633,594
Finance,4498,544
Finance,4940,600
Finance,5812,731
Finance,6262,827
Finance,4899,628
Finance,5403,677
Finance,6898,866
Finance,5540,743
Finance,6636,747
Finance,8688,1186
Finance,5969,739
Finance,5047,655
Finance,8728,1090
Finance,5562,636
Finance,6075,797
Finance,13691,1825
Finance,7958,994
Finance,8779,1060
Finance,5174,664
Finance,9435,1200
Finance,5275,708
Finance,8158,992
Finance,5603,694
Finance,2002,233
Finance,3589,449
Finance,8968,1152
Finance,6179,782
Finance,6394,829
Finance,5277,696
Engineering,1885,214
Engineering,5338,727
Engineering,1685,222
Engineering,5403,683
Engineering,5268,790
Engineering,881,113
Engineering,3526,461
Engineering,7307,959
Engineering,3319,384
Engineering,5206,682
Engineering,6244,764
Engineering,5609,702
Engineering,4139,626
Engineering,1763,232
Engineering,13910,1522
Engineering,7512,922
Engineering,8820,1143
Engineering,7820,939
Engineering,5580,729
Engineering,2162,266
Engineering,7662,936
Engineering,5469,702
Engineering,18700,2540
Engineering,4437,573
Engineering,11754,1565
Engineering,5440,666
Engineering,9431,1196
Engineering,2815,351
Engineering,7447,932
Engineering,5692,678
Engineering,2124,274
Engineering,7302,956
Engineering,5075,622
Engineering,7390,953
Engineering,21675,3128
Engineering,7027,924
Engineering,3764,531
Engineering,8334,1009
Engineering,5703,689
Engineering,8118,1043
Engineering,5681,708
Engineering,4165,527
Engineering,5507,730
Engineering,8441,1009
Engineering,6905,870
Engineering,5186,654
Engineering,4973,611
Engineering,6442,815
Engineering,6057,779
Engineering,5539,682
Engineering,6316,822
Engineering,4994,614
Engineering,9190,1093
Engineering,7443,950
Engineering,8133,1048
Engineering,5319,670
Engineering,5705,711
Engineering,3395,454
Engineering,7756,1040
Engineering,5472,699
Engineering,3783,470
Engineering,5025,651
Engineering,6038,829
Engineering,12552,1556
Engineering,6222,780
Engineering,6418,784
Engineering,10077,1356
Engineering,6400,804
Engineering,7964,985
Engineering,5195,620
Engineering,9861,1277
Engineering,3732,428
Engineering,7206,870
Engineering,10072,1286
Engineering,9190,1258
Engineering,6071,773
Engineering,11923,1501
Engineering,6293,802
Engineering,9004,1152
Engineering,6722,844
Engineering,5365,656
Engineering,30055,3994
Engineering,8125,1063
Engineering,8459,1125
Engineering,3403,448
Engineering,8442,1135
Engineering,6173,781
Engineering,6078,801
Engineering,4964,736
Engineering,1930,240
Engineering,6770,853
Engineering,8798,1174
Engineering,7582,1062
Engineering,5585,707
Engineering,7431,963
Engineering,1936,236
Engineering,5615,724
Engineering,5713,727
Engineering,2723,328
Engineering,5854,877
Engineering,6768,892
Engineering,2568,356
Engineering,6217,852
Engineering,10119,1331
Engineering,7010,902
Engineering,5078,690
Engineering,5183,656
Engineering,1407,169
Engineering,10860,1386
Engineering,5600,741
Engineering,2482,298
Engineering,5871,741
Marketing,6486,835
Marketing,5317,716
Marketing,3883,468
Marketing,8384,1051
Marketing,5824,772
Marketing,5851,708
Marketing,8009,1170
Marketing,5750,811
Marketing,8118,1031
Marketing,7611,937
Marketing,8854,1124
Marketing,5811,745
Marketing,8684,1179
Marketing,5510,716
Marketing,5420,719
Marketing,6141,738
Marketing,6454,860
Marketing,6440,808
Marketing,6273,773
Marketing,2712,352
Marketing,6713,845
Marketing,6040,775
Marketing,5191,680
Marketing,5546,742
Marketing,11628,1480
Marketing,4989,604
Marketing,8630,1081
Marketing,9880,1284
Marketing,5584,722
Marketing,5978,744
Marketing,6664,887
Marketing,5117,634
Marketing,6434,860
Marketing,7308,1008
Marketing,10724,1353
Marketing,2099,253
Marketing,6412,846
Marketing,5881,771
Marketing,8728,1111
Marketing,11431,1492
Marketing,7000,864
Marketing,8912,1122
Marketing,3220,408
Marketing,5359,640
Marketing,5313,707
Marketing,7721,1048
Marketing,5410,601
Marketing,5110,619
Marketing,11108,1351
Marketing,5299,662
Marketing,5058,630
Marketing,9659,1369
Marketing,4978,657
Marketing,6800,893
Marketing,5919,730
Marketing,9838,1247
Marketing,5877,793
Marketing,6822,901
Marketing,6530,737
Marketing,9963,1314
Marketing,7717,960
Marketing,5442,664
Marketing,7022,894
Marketing,5641,719
Marketing,6403,815
Marketing,5257,659
Marketing,3869,490
Marketing,5023,631
Marketing,6156,777
Marketing,5169,683
Marketing,5226,592
Marketing,19887,2623
Marketing,3869,506
Marketing,35933,5190
Marketing,6522,805
Marketing,10126,1283
Marketing,6505,888
Marketing,8431,1060
Marketing,6005,707
Marketing,5215,654
Marketing,5316,664
Marketing,6082,722
Marketing,6272,807
Marketing,5487,739
Marketing,5519,658
Marketing,5457,800
Marketing,6137,816
Marketing,4877,614
Marketing,6413,827
Marketing,6059,778
Marketing,2824,368
Marketing,4446,591
Marketing,9893,1454
Marketing,5625,690
Marketing,5156,665
Marketing,5833,718
Marketing,15415,1939
Marketing,6081,742
Marketing,7736,941
Marketing,4179,481
Marketing,5928,735
Marketing,4445,549
Marketing,9027,1147
Marketing,5945,716
Marketing,7396,940
Marketing,5626,741
Marketing,5940,731
Marketing,6755,812
Marketing,6234,776
Marketing,10254,1323
Marketing,5211,652
Finance,3275,389
Finance,1767,229
Finance,7307,899
Finance,2065,247
Finance,3178,406
Finance,5809,780
Finance,5672,741
Finance,5394,730
Finance,9038,1162
Finance,4438,553
Finance,4797,621
Finance,4901,646
Finance,7891,960
Finance,6512,830
Finance,1824,223
Finance,3155,402
Finance,4872,590
Finance,5295,682
Finance,5337,693
Finance,5607,715
Finance,5126,671
Finance,9177,1157
Finance,5811,708
Finance,9454,1285
Finance,6187,758
Finance,5719,713
Finance,5188,706
Finance,9649,1285
Finance,6128,778
Finance,6572,858
Finance,7369,914
Finance,8799,1122
Finance,7184,1121
Finance,5511,726
Finance,5272,701
Finance,5534,763
Finance,5236,633
Finance,4970,614
Finance,5606,761
Finance,12495,1514
Finance,5518,804
Finance,9758,1344
Finance,7809,990
Finance,8347,1108
Finance,5206,694
Finance,7391,956
Finance,5889,843
Finance,5168,661
Finance,4634,615
Finance,4967,594
Finance,15896,2101
Finance,6490,899
Finance,7135,1067
Finance,10406,1402
Finance,6915,873
Finance,3373,404
Finance,5630,733
Finance,6476,868
Finance,4950,596
Finance,6434,850
Finance,6892,877
Finance,6629,855
Finance,8052,1049
Finance,3025,344
Finance,5471,685
Finance,5095,684
Finance,6852,935
Finance,7191,952
Finance,5489,703
Finance,6715,878
Finance,5772,758
Finance,7774,1039
Finance,11923,1565
Finance,6305,806
Finance,5399,675
Finance,5084,696
Finance,7199,982
Finance,6664,834
Finance,9762,1284
Finance,6084,772
Finance,5952,795
Finance,5234,669
Finance,6757,871
Finance,5061,635
Finance,7313,910
Finance,5360,688
Finance,8604,1105
Finance,5295,652
Finance,3773,464
Finance,6413,817
Finance,2240,266
Finance,5309,630
Finance,5741,721
Finance,11593,1725
Finance,5548,722
Finance,3103,416
Finance,5223,689
Finance,5535,675
Finance,4850,634
Finance,6375,761
Finance,8299,1147
Finance,5678,704
Finance,7907,1032
Finance,8000,978
Finance,6714,872
Finance,5898,750
Finance,6444,700
Finance,3594,446
Finance,4856,615
Finance,2628,316
Finance,5040,699
Finance,7039,938
Finance,7139,921
Finance,5313,703
Finance,5269,675
Marketing,5120,670
Marketing,6910,851
Marketing,3581,453
Marketing,2060,258
Marketing,7118,1068
Marketing,5873,764
Marketing,5260,702
Marketing,7554,1004
Marketing,5582,672
Marketing,3567,516
Marketing,2052,267
Marketing,8942,1158
Marketing,7013,943
Marketing,5307,660
Marketing,5090,643
Marketing,6988,941
Marketing,5403,682
Marketing,10140,1311
Marketing,5475,714
Marketing,4779,585
Marketing,9788,1300
Marketing,6292,854
Marketing,7126,840
Marketing,7499,902
Marketing,5130,673
Marketing,3425,395
Marketing,5098,659
Marketing,5839,727
Marketing,5798,768
Marketing,4967,688
Marketing,6832,869
Marketing,3607,445
Marketing,3777,490
Marketing,5315,672
Marketing,5261,747
Marketing,5295,674
Marketing,7622,950
Marketing,9185,1168
Marketing,5209,626
Marketing,8438,1252
Marketing,8527,1134
Marketing,5090,639
Marketing,6881,897
Marketing,7622,1024
Marketing,6464,789
Marketing,5634,782
Marketing,1812,256
Marketing,8346,1090
Marketing,5959,770
Marketing,7646,1079
Marketing,6219,889
Marketing,4917,643
Marketing,5608,675
Marketing,4849,572
Marketing,5945,738
Marketing,2386,306
Marketing,7557,952
Marketing,11434,1480
Marketing,1272,172
Marketing,10885,1307
Marketing,4940,782
Marketing,11369,1367
Marketing,5332,675
Marketing,7171,934
Marketing,5637,657
Marketing,5447,692
Marketing,12114,1507
Marketing,9741,1231
Marketing,5154,627
Marketing,5520,662
Marketing,5038,631
Marketing,5917,744
Marketing,7831,984
Marketing,5355,688
Marketing,5295,664
Marketing,6993,844
Marketing,3429,439
Marketing,6008,795
Marketing,3776,480
Marketing,2130,298
Marketing,7412,1058
Marketing,5235,761
Marketing,5026,615
Marketing,2997,399
Marketing,3931,498
Marketing,1975,235
Marketing,1986,244
Marketing,6435,784
Marketing,2781,346
Marketing,8367,990
Marketing,10002,1325
Marketing,7181,931
Marketing,6248,813
Marketing,5850,791
Marketing,8941,1190
Marketing,8685,1127
Marketing,7570,1034
Marketing,8425,1128
Marketing,2774,372
Marketing,4948,603
Marketing,6312,806
Marketing,7511,947
Marketing,2879,366
Engineering,6200,754
Engineering,3050,371
Engineering,10443,1384
Engineering,8610,1032
Engineering,6169,794
Engineering,5805,704
Engineering,14019,1829
Engineering,8199,989
Engineering,5454,709
Engineering,9015,1208
Engineering,7302,929
Engineering,7258,943
Engineering,5428,743
Engineering,5189,680
Engineering,5426,723
Engineering,5827,767
Engineering,6343,846
Engineering,6720,851
Engineering,6765,865
Engineering,5421,681
Engineering,5538,761
Engineering,9497,1279
Engineering,9015,1264
Engineering,7898,988
Engineering,6648,837
Engineering,7978,1077
Engineering,4434,548
Engineering,5762,708
Engineering,4127,530
Engineering,5085,762
Engineering,4422,627
Engineering,3799,460
Engineering,4370,491
Engineering,5005,624
Engineering,9021,1334
Engineering,3103,379
Engineering,3354,415
Engineering,5533,695
Engineering,2771,343
Engineering,5399,656
Engineering,2631,323
Engineering,6614,812
Engineering,6603,796
Engineering,14060,1681
Engineering,7209,948
Engineering,7358,978
Engineering,9774,1208
Engineering,6461,790
Engineering,5280,641
Engineering,5115,626
Engineering,6445,825
Engineering,6992,884
Engineering,6466,821
Engineering,5137,790
Engineering,2034,232
Engineering,6134,750
Engineering,6953,808
Engineering,3631,436
Engineering,6274,783
Engineering,5149,644
Engineering,5905,774
Engineering,5136,605
Engineering,7182,906
Engineering,6493,818
Engineering,11754,1525
Engineering,9532,1209
Engineering,1631,223
Engineering,7896,1012
Engineering,7692,908
Engineering,3415,427
Engineering,5406,711
Engineering,6944,921
Engineering,4984,627
Engineering,5502,660
Engineering,5250,708
Engineering,5085,589
Engineering,6212,780
Engineering,5234,681
Engineering,1642,195
Engineering,3501,523
Engineering,9323,1348
Engineering,7108,927
Engineering,5704,710
Engineering,6707,832
Engineering,9469,1186
Engineering,6635,821
Engineering,5298,657
Engineering,4742,609
Engineering,6266,729
Engineering,5250,707
Engineering,3442,454
Engineering,5685,750
Engineering,5388,663
Engineering,10146,1331
Engineering,2261,253
Engineering,5538,680
Engineering,1553,202
Engineering,2552,301
Engineering,4934,595
Engineering,7816,976
Engineering,6656,839
Engineering,6882,890
Engineering,9568,1194
Engineering,7213,944
Engineering,5187,676
Engineering,5810,726
Engineering,7755,981
Engineering,7263,877
Engineering,13793,1798
Engineering,5531,713
Engineering,5681,742
Engineering,7894,1042
Engineering,5533,752
Engineering,7108,902
Engineering,2020,241
Engineering,5074,683
Engineering,5234,681
